--------------------------------------------------------
--  File created - Friday-January-11-2019   
--------------------------------------------------------
--------------------------------------------------------
--  DDL for Sequence GOALS_ID_SEQ
--------------------------------------------------------

   CREATE SEQUENCE  "WSBPROJEKT"."GOALS_ID_SEQ"  MINVALUE 0 MAXVALUE 65000 INCREMENT BY 1 START WITH 221 CACHE 20 NOORDER  NOCYCLE   ;
--------------------------------------------------------
--  DDL for Sequence JUDGES_ID_SEQ
--------------------------------------------------------

   CREATE SEQUENCE  "WSBPROJEKT"."JUDGES_ID_SEQ"  MINVALUE 0 MAXVALUE 65000 INCREMENT BY 1 START WITH 41 CACHE 20 NOORDER  NOCYCLE   ;
--------------------------------------------------------
--  DDL for Sequence MATCHES_ID_SEQ
--------------------------------------------------------

   CREATE SEQUENCE  "WSBPROJEKT"."MATCHES_ID_SEQ"  MINVALUE 0 MAXVALUE 65000 INCREMENT BY 1 START WITH 81 CACHE 20 NOORDER  NOCYCLE   ;
--------------------------------------------------------
--  DDL for Sequence PLAYERS_ID_SEQ
--------------------------------------------------------

   CREATE SEQUENCE  "WSBPROJEKT"."PLAYERS_ID_SEQ"  MINVALUE 0 MAXVALUE 65000 INCREMENT BY 1 START WITH 101 CACHE 20 NOORDER  NOCYCLE   ;
--------------------------------------------------------
--  DDL for Sequence TEAMS_ID_SEQ
--------------------------------------------------------

   CREATE SEQUENCE  "WSBPROJEKT"."TEAMS_ID_SEQ"  MINVALUE 0 MAXVALUE 65000 INCREMENT BY 1 START WITH 21 CACHE 20 NOORDER  NOCYCLE   ;
--------------------------------------------------------
--  DDL for Table GOALS
--------------------------------------------------------

  CREATE TABLE "WSBPROJEKT"."GOALS" 
   (	"ID" NUMBER(*,0), 
	"PLAYER_ID" NUMBER(*,0), 
	"MATCH_ID" NUMBER(*,0), 
	"GOAL_MINUTE" NUMBER(*,0)
   ) SEGMENT CREATION IMMEDIATE 
  PCTFREE 10 PCTUSED 40 INITRANS 1 MAXTRANS 255 
 NOCOMPRESS LOGGING
  STORAGE(INITIAL 65536 NEXT 1048576 MINEXTENTS 1 MAXEXTENTS 2147483645
  PCTINCREASE 0 FREELISTS 1 FREELIST GROUPS 1
  BUFFER_POOL DEFAULT FLASH_CACHE DEFAULT CELL_FLASH_CACHE DEFAULT)
  TABLESPACE "USERS" ;
--------------------------------------------------------
--  DDL for Table JUDGES
--------------------------------------------------------

  CREATE TABLE "WSBPROJEKT"."JUDGES" 
   (	"ID" NUMBER(*,0), 
	"FIRST_NAME" VARCHAR2(50 BYTE), 
	"LAST_NAME" VARCHAR2(50 BYTE)
   ) SEGMENT CREATION IMMEDIATE 
  PCTFREE 10 PCTUSED 40 INITRANS 1 MAXTRANS 255 
 NOCOMPRESS LOGGING
  STORAGE(INITIAL 65536 NEXT 1048576 MINEXTENTS 1 MAXEXTENTS 2147483645
  PCTINCREASE 0 FREELISTS 1 FREELIST GROUPS 1
  BUFFER_POOL DEFAULT FLASH_CACHE DEFAULT CELL_FLASH_CACHE DEFAULT)
  TABLESPACE "USERS" ;
--------------------------------------------------------
--  DDL for Table MATCHES
--------------------------------------------------------

  CREATE TABLE "WSBPROJEKT"."MATCHES" 
   (	"ID" NUMBER(*,0), 
	"MATCH_DATE" DATE, 
	"HOST_ID" NUMBER(*,0), 
	"GUEST_ID" NUMBER(*,0), 
	"JUDGE_ID" NUMBER(*,0)
   ) SEGMENT CREATION IMMEDIATE 
  PCTFREE 10 PCTUSED 40 INITRANS 1 MAXTRANS 255 
 NOCOMPRESS LOGGING
  STORAGE(INITIAL 65536 NEXT 1048576 MINEXTENTS 1 MAXEXTENTS 2147483645
  PCTINCREASE 0 FREELISTS 1 FREELIST GROUPS 1
  BUFFER_POOL DEFAULT FLASH_CACHE DEFAULT CELL_FLASH_CACHE DEFAULT)
  TABLESPACE "USERS" ;
--------------------------------------------------------
--  DDL for Table PLAYERS
--------------------------------------------------------

  CREATE TABLE "WSBPROJEKT"."PLAYERS" 
   (	"ID" NUMBER(*,0), 
	"FIRST_NAME" VARCHAR2(50 BYTE), 
	"LAST_NAME" VARCHAR2(50 BYTE), 
	"BIRTHDAY" DATE, 
	"TEAM_ID" NUMBER(*,0)
   ) SEGMENT CREATION IMMEDIATE 
  PCTFREE 10 PCTUSED 40 INITRANS 1 MAXTRANS 255 
 NOCOMPRESS LOGGING
  STORAGE(INITIAL 65536 NEXT 1048576 MINEXTENTS 1 MAXEXTENTS 2147483645
  PCTINCREASE 0 FREELISTS 1 FREELIST GROUPS 1
  BUFFER_POOL DEFAULT FLASH_CACHE DEFAULT CELL_FLASH_CACHE DEFAULT)
  TABLESPACE "USERS" ;
--------------------------------------------------------
--  DDL for Table TEAMS
--------------------------------------------------------

  CREATE TABLE "WSBPROJEKT"."TEAMS" 
   (	"ID" NUMBER(*,0), 
	"NAME" VARCHAR2(50 BYTE), 
	"COACH" VARCHAR2(50 BYTE)
   ) SEGMENT CREATION IMMEDIATE 
  PCTFREE 10 PCTUSED 40 INITRANS 1 MAXTRANS 255 
 NOCOMPRESS LOGGING
  STORAGE(INITIAL 65536 NEXT 1048576 MINEXTENTS 1 MAXEXTENTS 2147483645
  PCTINCREASE 0 FREELISTS 1 FREELIST GROUPS 1
  BUFFER_POOL DEFAULT FLASH_CACHE DEFAULT CELL_FLASH_CACHE DEFAULT)
  TABLESPACE "USERS" ;
--------------------------------------------------------
--  DDL for View JUDGES_AND_MATCHES
--------------------------------------------------------

  CREATE OR REPLACE FORCE EDITIONABLE VIEW "WSBPROJEKT"."JUDGES_AND_MATCHES" ("ID", "MATCH_COUNT") AS 
  select j.ID, count(m.ID) as MATCH_COUNT
from JUDGES j 
inner join MATCHES m ON j.ID=m.JUDGE_ID
group by j.ID
;
--------------------------------------------------------
--  DDL for View MATCHES_RESULTS
--------------------------------------------------------

  CREATE OR REPLACE FORCE EDITIONABLE VIEW "WSBPROJEKT"."MATCHES_RESULTS" ("ID", "HOST_GOALS", "GUEST_GOALS") AS 
  select 
ma.ID, 
(select count(*) from GOALS g
INNER JOIN MATCHES m on m.ID = g.MATCH_ID
INNER JOIN PLAYERS p on g.PLAYER_ID = p.ID
INNER JOIN TEAMS t on p.TEAM_ID = t.ID
where p.TEAM_ID = m.HOST_ID AND m.ID = ma.ID) as HOST_GOALS,

(select count(*) as HOST_GOALS from GOALS g
INNER JOIN MATCHES m on m.ID = g.MATCH_ID
INNER JOIN PLAYERS p on g.PLAYER_ID = p.ID
INNER JOIN TEAMS t on p.TEAM_ID = t.ID
where p.TEAM_ID = m.GUEST_ID AND m.ID = ma.ID) as GUEST_GOALS

from MATCHES ma
;
REM INSERTING into WSBPROJEKT.GOALS
SET DEFINE OFF;
Insert into WSBPROJEKT.GOALS (ID,PLAYER_ID,MATCH_ID,GOAL_MINUTE) values (30,82,24,76);
Insert into WSBPROJEKT.GOALS (ID,PLAYER_ID,MATCH_ID,GOAL_MINUTE) values (31,82,24,51);
Insert into WSBPROJEKT.GOALS (ID,PLAYER_ID,MATCH_ID,GOAL_MINUTE) values (32,82,24,36);
Insert into WSBPROJEKT.GOALS (ID,PLAYER_ID,MATCH_ID,GOAL_MINUTE) values (33,60,24,79);
Insert into WSBPROJEKT.GOALS (ID,PLAYER_ID,MATCH_ID,GOAL_MINUTE) values (34,60,24,56);
Insert into WSBPROJEKT.GOALS (ID,PLAYER_ID,MATCH_ID,GOAL_MINUTE) values (35,60,24,75);
Insert into WSBPROJEKT.GOALS (ID,PLAYER_ID,MATCH_ID,GOAL_MINUTE) values (60,27,31,25);
Insert into WSBPROJEKT.GOALS (ID,PLAYER_ID,MATCH_ID,GOAL_MINUTE) values (61,27,31,38);
Insert into WSBPROJEKT.GOALS (ID,PLAYER_ID,MATCH_ID,GOAL_MINUTE) values (62,27,31,74);
Insert into WSBPROJEKT.GOALS (ID,PLAYER_ID,MATCH_ID,GOAL_MINUTE) values (63,71,31,90);
Insert into WSBPROJEKT.GOALS (ID,PLAYER_ID,MATCH_ID,GOAL_MINUTE) values (64,71,31,80);
Insert into WSBPROJEKT.GOALS (ID,PLAYER_ID,MATCH_ID,GOAL_MINUTE) values (65,71,31,81);
Insert into WSBPROJEKT.GOALS (ID,PLAYER_ID,MATCH_ID,GOAL_MINUTE) values (66,71,31,72);
Insert into WSBPROJEKT.GOALS (ID,PLAYER_ID,MATCH_ID,GOAL_MINUTE) values (67,71,31,55);
Insert into WSBPROJEKT.GOALS (ID,PLAYER_ID,MATCH_ID,GOAL_MINUTE) values (84,82,38,2);
Insert into WSBPROJEKT.GOALS (ID,PLAYER_ID,MATCH_ID,GOAL_MINUTE) values (85,82,38,34);
Insert into WSBPROJEKT.GOALS (ID,PLAYER_ID,MATCH_ID,GOAL_MINUTE) values (86,82,38,11);
Insert into WSBPROJEKT.GOALS (ID,PLAYER_ID,MATCH_ID,GOAL_MINUTE) values (87,82,38,82);
Insert into WSBPROJEKT.GOALS (ID,PLAYER_ID,MATCH_ID,GOAL_MINUTE) values (107,93,45,67);
Insert into WSBPROJEKT.GOALS (ID,PLAYER_ID,MATCH_ID,GOAL_MINUTE) values (125,93,52,17);
Insert into WSBPROJEKT.GOALS (ID,PLAYER_ID,MATCH_ID,GOAL_MINUTE) values (126,93,52,79);
Insert into WSBPROJEKT.GOALS (ID,PLAYER_ID,MATCH_ID,GOAL_MINUTE) values (127,93,52,86);
Insert into WSBPROJEKT.GOALS (ID,PLAYER_ID,MATCH_ID,GOAL_MINUTE) values (128,71,52,77);
Insert into WSBPROJEKT.GOALS (ID,PLAYER_ID,MATCH_ID,GOAL_MINUTE) values (129,71,52,20);
Insert into WSBPROJEKT.GOALS (ID,PLAYER_ID,MATCH_ID,GOAL_MINUTE) values (130,71,52,28);
Insert into WSBPROJEKT.GOALS (ID,PLAYER_ID,MATCH_ID,GOAL_MINUTE) values (131,71,52,82);
Insert into WSBPROJEKT.GOALS (ID,PLAYER_ID,MATCH_ID,GOAL_MINUTE) values (132,71,52,50);
Insert into WSBPROJEKT.GOALS (ID,PLAYER_ID,MATCH_ID,GOAL_MINUTE) values (161,38,59,22);
Insert into WSBPROJEKT.GOALS (ID,PLAYER_ID,MATCH_ID,GOAL_MINUTE) values (162,38,59,18);
Insert into WSBPROJEKT.GOALS (ID,PLAYER_ID,MATCH_ID,GOAL_MINUTE) values (163,49,59,71);
Insert into WSBPROJEKT.GOALS (ID,PLAYER_ID,MATCH_ID,GOAL_MINUTE) values (164,49,59,49);
Insert into WSBPROJEKT.GOALS (ID,PLAYER_ID,MATCH_ID,GOAL_MINUTE) values (165,49,59,90);
Insert into WSBPROJEKT.GOALS (ID,PLAYER_ID,MATCH_ID,GOAL_MINUTE) values (166,49,59,3);
Insert into WSBPROJEKT.GOALS (ID,PLAYER_ID,MATCH_ID,GOAL_MINUTE) values (167,49,59,22);
Insert into WSBPROJEKT.GOALS (ID,PLAYER_ID,MATCH_ID,GOAL_MINUTE) values (187,93,66,38);
Insert into WSBPROJEKT.GOALS (ID,PLAYER_ID,MATCH_ID,GOAL_MINUTE) values (188,93,66,29);
Insert into WSBPROJEKT.GOALS (ID,PLAYER_ID,MATCH_ID,GOAL_MINUTE) values (189,93,66,10);
Insert into WSBPROJEKT.GOALS (ID,PLAYER_ID,MATCH_ID,GOAL_MINUTE) values (190,60,66,74);
Insert into WSBPROJEKT.GOALS (ID,PLAYER_ID,MATCH_ID,GOAL_MINUTE) values (191,60,66,34);
Insert into WSBPROJEKT.GOALS (ID,PLAYER_ID,MATCH_ID,GOAL_MINUTE) values (192,60,66,52);
Insert into WSBPROJEKT.GOALS (ID,PLAYER_ID,MATCH_ID,GOAL_MINUTE) values (193,60,66,28);
Insert into WSBPROJEKT.GOALS (ID,PLAYER_ID,MATCH_ID,GOAL_MINUTE) values (194,60,66,12);
Insert into WSBPROJEKT.GOALS (ID,PLAYER_ID,MATCH_ID,GOAL_MINUTE) values (25,49,22,6);
Insert into WSBPROJEKT.GOALS (ID,PLAYER_ID,MATCH_ID,GOAL_MINUTE) values (26,49,22,45);
Insert into WSBPROJEKT.GOALS (ID,PLAYER_ID,MATCH_ID,GOAL_MINUTE) values (27,49,22,10);
Insert into WSBPROJEKT.GOALS (ID,PLAYER_ID,MATCH_ID,GOAL_MINUTE) values (36,93,25,41);
Insert into WSBPROJEKT.GOALS (ID,PLAYER_ID,MATCH_ID,GOAL_MINUTE) values (37,93,25,74);
Insert into WSBPROJEKT.GOALS (ID,PLAYER_ID,MATCH_ID,GOAL_MINUTE) values (38,93,25,91);
Insert into WSBPROJEKT.GOALS (ID,PLAYER_ID,MATCH_ID,GOAL_MINUTE) values (39,93,25,1);
Insert into WSBPROJEKT.GOALS (ID,PLAYER_ID,MATCH_ID,GOAL_MINUTE) values (51,82,29,37);
Insert into WSBPROJEKT.GOALS (ID,PLAYER_ID,MATCH_ID,GOAL_MINUTE) values (52,5,29,43);
Insert into WSBPROJEKT.GOALS (ID,PLAYER_ID,MATCH_ID,GOAL_MINUTE) values (53,5,29,44);
Insert into WSBPROJEKT.GOALS (ID,PLAYER_ID,MATCH_ID,GOAL_MINUTE) values (54,5,29,26);
Insert into WSBPROJEKT.GOALS (ID,PLAYER_ID,MATCH_ID,GOAL_MINUTE) values (55,5,29,6);
Insert into WSBPROJEKT.GOALS (ID,PLAYER_ID,MATCH_ID,GOAL_MINUTE) values (68,27,32,60);
Insert into WSBPROJEKT.GOALS (ID,PLAYER_ID,MATCH_ID,GOAL_MINUTE) values (69,27,32,6);
Insert into WSBPROJEKT.GOALS (ID,PLAYER_ID,MATCH_ID,GOAL_MINUTE) values (70,38,32,36);
Insert into WSBPROJEKT.GOALS (ID,PLAYER_ID,MATCH_ID,GOAL_MINUTE) values (71,38,32,75);
Insert into WSBPROJEKT.GOALS (ID,PLAYER_ID,MATCH_ID,GOAL_MINUTE) values (72,38,32,69);
Insert into WSBPROJEKT.GOALS (ID,PLAYER_ID,MATCH_ID,GOAL_MINUTE) values (73,38,32,28);
Insert into WSBPROJEKT.GOALS (ID,PLAYER_ID,MATCH_ID,GOAL_MINUTE) values (79,93,36,69);
Insert into WSBPROJEKT.GOALS (ID,PLAYER_ID,MATCH_ID,GOAL_MINUTE) values (80,16,36,82);
Insert into WSBPROJEKT.GOALS (ID,PLAYER_ID,MATCH_ID,GOAL_MINUTE) values (81,16,36,49);
Insert into WSBPROJEKT.GOALS (ID,PLAYER_ID,MATCH_ID,GOAL_MINUTE) values (82,16,36,8);
Insert into WSBPROJEKT.GOALS (ID,PLAYER_ID,MATCH_ID,GOAL_MINUTE) values (88,16,39,37);
Insert into WSBPROJEKT.GOALS (ID,PLAYER_ID,MATCH_ID,GOAL_MINUTE) values (89,16,39,30);
Insert into WSBPROJEKT.GOALS (ID,PLAYER_ID,MATCH_ID,GOAL_MINUTE) values (90,49,39,3);
Insert into WSBPROJEKT.GOALS (ID,PLAYER_ID,MATCH_ID,GOAL_MINUTE) values (91,49,39,6);
Insert into WSBPROJEKT.GOALS (ID,PLAYER_ID,MATCH_ID,GOAL_MINUTE) values (92,49,39,78);
Insert into WSBPROJEKT.GOALS (ID,PLAYER_ID,MATCH_ID,GOAL_MINUTE) values (93,49,39,14);
Insert into WSBPROJEKT.GOALS (ID,PLAYER_ID,MATCH_ID,GOAL_MINUTE) values (96,60,43,74);
Insert into WSBPROJEKT.GOALS (ID,PLAYER_ID,MATCH_ID,GOAL_MINUTE) values (97,60,43,38);
Insert into WSBPROJEKT.GOALS (ID,PLAYER_ID,MATCH_ID,GOAL_MINUTE) values (98,71,43,72);
Insert into WSBPROJEKT.GOALS (ID,PLAYER_ID,MATCH_ID,GOAL_MINUTE) values (99,71,43,22);
Insert into WSBPROJEKT.GOALS (ID,PLAYER_ID,MATCH_ID,GOAL_MINUTE) values (100,71,43,85);
Insert into WSBPROJEKT.GOALS (ID,PLAYER_ID,MATCH_ID,GOAL_MINUTE) values (101,71,43,37);
Insert into WSBPROJEKT.GOALS (ID,PLAYER_ID,MATCH_ID,GOAL_MINUTE) values (108,27,46,21);
Insert into WSBPROJEKT.GOALS (ID,PLAYER_ID,MATCH_ID,GOAL_MINUTE) values (109,38,46,31);
Insert into WSBPROJEKT.GOALS (ID,PLAYER_ID,MATCH_ID,GOAL_MINUTE) values (110,38,46,89);
Insert into WSBPROJEKT.GOALS (ID,PLAYER_ID,MATCH_ID,GOAL_MINUTE) values (111,38,46,61);
Insert into WSBPROJEKT.GOALS (ID,PLAYER_ID,MATCH_ID,GOAL_MINUTE) values (112,38,46,5);
Insert into WSBPROJEKT.GOALS (ID,PLAYER_ID,MATCH_ID,GOAL_MINUTE) values (120,93,50,33);
Insert into WSBPROJEKT.GOALS (ID,PLAYER_ID,MATCH_ID,GOAL_MINUTE) values (121,93,50,23);
Insert into WSBPROJEKT.GOALS (ID,PLAYER_ID,MATCH_ID,GOAL_MINUTE) values (122,93,50,83);
Insert into WSBPROJEKT.GOALS (ID,PLAYER_ID,MATCH_ID,GOAL_MINUTE) values (133,27,53,24);
Insert into WSBPROJEKT.GOALS (ID,PLAYER_ID,MATCH_ID,GOAL_MINUTE) values (134,38,53,1);
Insert into WSBPROJEKT.GOALS (ID,PLAYER_ID,MATCH_ID,GOAL_MINUTE) values (135,38,53,50);
Insert into WSBPROJEKT.GOALS (ID,PLAYER_ID,MATCH_ID,GOAL_MINUTE) values (152,16,57,4);
Insert into WSBPROJEKT.GOALS (ID,PLAYER_ID,MATCH_ID,GOAL_MINUTE) values (153,16,57,45);
Insert into WSBPROJEKT.GOALS (ID,PLAYER_ID,MATCH_ID,GOAL_MINUTE) values (154,93,57,4);
Insert into WSBPROJEKT.GOALS (ID,PLAYER_ID,MATCH_ID,GOAL_MINUTE) values (155,93,57,47);
Insert into WSBPROJEKT.GOALS (ID,PLAYER_ID,MATCH_ID,GOAL_MINUTE) values (156,93,57,50);
Insert into WSBPROJEKT.GOALS (ID,PLAYER_ID,MATCH_ID,GOAL_MINUTE) values (168,82,60,75);
Insert into WSBPROJEKT.GOALS (ID,PLAYER_ID,MATCH_ID,GOAL_MINUTE) values (182,93,64,22);
Insert into WSBPROJEKT.GOALS (ID,PLAYER_ID,MATCH_ID,GOAL_MINUTE) values (183,16,64,54);
Insert into WSBPROJEKT.GOALS (ID,PLAYER_ID,MATCH_ID,GOAL_MINUTE) values (184,16,64,1);
Insert into WSBPROJEKT.GOALS (ID,PLAYER_ID,MATCH_ID,GOAL_MINUTE) values (185,16,64,36);
Insert into WSBPROJEKT.GOALS (ID,PLAYER_ID,MATCH_ID,GOAL_MINUTE) values (195,27,67,57);
Insert into WSBPROJEKT.GOALS (ID,PLAYER_ID,MATCH_ID,GOAL_MINUTE) values (196,82,67,65);
Insert into WSBPROJEKT.GOALS (ID,PLAYER_ID,MATCH_ID,GOAL_MINUTE) values (197,82,67,65);
Insert into WSBPROJEKT.GOALS (ID,PLAYER_ID,MATCH_ID,GOAL_MINUTE) values (198,82,67,69);
Insert into WSBPROJEKT.GOALS (ID,PLAYER_ID,MATCH_ID,GOAL_MINUTE) values (199,82,67,73);
Insert into WSBPROJEKT.GOALS (ID,PLAYER_ID,MATCH_ID,GOAL_MINUTE) values (200,82,67,26);
Insert into WSBPROJEKT.GOALS (ID,PLAYER_ID,MATCH_ID,GOAL_MINUTE) values (1,6,1,6);
Insert into WSBPROJEKT.GOALS (ID,PLAYER_ID,MATCH_ID,GOAL_MINUTE) values (2,18,1,20);
Insert into WSBPROJEKT.GOALS (ID,PLAYER_ID,MATCH_ID,GOAL_MINUTE) values (3,9,1,71);
Insert into WSBPROJEKT.GOALS (ID,PLAYER_ID,MATCH_ID,GOAL_MINUTE) values (5,31,3,78);
Insert into WSBPROJEKT.GOALS (ID,PLAYER_ID,MATCH_ID,GOAL_MINUTE) values (21,38,21,7);
Insert into WSBPROJEKT.GOALS (ID,PLAYER_ID,MATCH_ID,GOAL_MINUTE) values (22,38,21,51);
Insert into WSBPROJEKT.GOALS (ID,PLAYER_ID,MATCH_ID,GOAL_MINUTE) values (23,60,21,24);
Insert into WSBPROJEKT.GOALS (ID,PLAYER_ID,MATCH_ID,GOAL_MINUTE) values (24,60,21,82);
Insert into WSBPROJEKT.GOALS (ID,PLAYER_ID,MATCH_ID,GOAL_MINUTE) values (40,49,26,2);
Insert into WSBPROJEKT.GOALS (ID,PLAYER_ID,MATCH_ID,GOAL_MINUTE) values (41,60,26,84);
Insert into WSBPROJEKT.GOALS (ID,PLAYER_ID,MATCH_ID,GOAL_MINUTE) values (47,27,28,44);
Insert into WSBPROJEKT.GOALS (ID,PLAYER_ID,MATCH_ID,GOAL_MINUTE) values (48,71,28,54);
Insert into WSBPROJEKT.GOALS (ID,PLAYER_ID,MATCH_ID,GOAL_MINUTE) values (49,71,28,73);
Insert into WSBPROJEKT.GOALS (ID,PLAYER_ID,MATCH_ID,GOAL_MINUTE) values (50,71,28,90);
Insert into WSBPROJEKT.GOALS (ID,PLAYER_ID,MATCH_ID,GOAL_MINUTE) values (74,93,33,7);
Insert into WSBPROJEKT.GOALS (ID,PLAYER_ID,MATCH_ID,GOAL_MINUTE) values (75,93,33,69);
Insert into WSBPROJEKT.GOALS (ID,PLAYER_ID,MATCH_ID,GOAL_MINUTE) values (95,82,42,31);
Insert into WSBPROJEKT.GOALS (ID,PLAYER_ID,MATCH_ID,GOAL_MINUTE) values (118,49,49,36);
Insert into WSBPROJEKT.GOALS (ID,PLAYER_ID,MATCH_ID,GOAL_MINUTE) values (119,49,49,88);
Insert into WSBPROJEKT.GOALS (ID,PLAYER_ID,MATCH_ID,GOAL_MINUTE) values (136,82,54,18);
Insert into WSBPROJEKT.GOALS (ID,PLAYER_ID,MATCH_ID,GOAL_MINUTE) values (137,82,54,58);
Insert into WSBPROJEKT.GOALS (ID,PLAYER_ID,MATCH_ID,GOAL_MINUTE) values (138,82,54,68);
Insert into WSBPROJEKT.GOALS (ID,PLAYER_ID,MATCH_ID,GOAL_MINUTE) values (139,16,54,7);
Insert into WSBPROJEKT.GOALS (ID,PLAYER_ID,MATCH_ID,GOAL_MINUTE) values (140,16,54,82);
Insert into WSBPROJEKT.GOALS (ID,PLAYER_ID,MATCH_ID,GOAL_MINUTE) values (141,16,54,77);
Insert into WSBPROJEKT.GOALS (ID,PLAYER_ID,MATCH_ID,GOAL_MINUTE) values (142,16,54,23);
Insert into WSBPROJEKT.GOALS (ID,PLAYER_ID,MATCH_ID,GOAL_MINUTE) values (143,16,54,17);
Insert into WSBPROJEKT.GOALS (ID,PLAYER_ID,MATCH_ID,GOAL_MINUTE) values (147,38,56,80);
Insert into WSBPROJEKT.GOALS (ID,PLAYER_ID,MATCH_ID,GOAL_MINUTE) values (148,38,56,52);
Insert into WSBPROJEKT.GOALS (ID,PLAYER_ID,MATCH_ID,GOAL_MINUTE) values (149,38,56,60);
Insert into WSBPROJEKT.GOALS (ID,PLAYER_ID,MATCH_ID,GOAL_MINUTE) values (150,82,56,11);
Insert into WSBPROJEKT.GOALS (ID,PLAYER_ID,MATCH_ID,GOAL_MINUTE) values (151,82,56,44);
Insert into WSBPROJEKT.GOALS (ID,PLAYER_ID,MATCH_ID,GOAL_MINUTE) values (169,82,61,38);
Insert into WSBPROJEKT.GOALS (ID,PLAYER_ID,MATCH_ID,GOAL_MINUTE) values (170,82,61,56);
Insert into WSBPROJEKT.GOALS (ID,PLAYER_ID,MATCH_ID,GOAL_MINUTE) values (171,60,61,76);
Insert into WSBPROJEKT.GOALS (ID,PLAYER_ID,MATCH_ID,GOAL_MINUTE) values (176,82,63,13);
Insert into WSBPROJEKT.GOALS (ID,PLAYER_ID,MATCH_ID,GOAL_MINUTE) values (177,49,63,85);
Insert into WSBPROJEKT.GOALS (ID,PLAYER_ID,MATCH_ID,GOAL_MINUTE) values (178,49,63,20);
Insert into WSBPROJEKT.GOALS (ID,PLAYER_ID,MATCH_ID,GOAL_MINUTE) values (179,49,63,77);
Insert into WSBPROJEKT.GOALS (ID,PLAYER_ID,MATCH_ID,GOAL_MINUTE) values (180,49,63,56);
Insert into WSBPROJEKT.GOALS (ID,PLAYER_ID,MATCH_ID,GOAL_MINUTE) values (181,49,63,3);
Insert into WSBPROJEKT.GOALS (ID,PLAYER_ID,MATCH_ID,GOAL_MINUTE) values (201,93,68,2);
Insert into WSBPROJEKT.GOALS (ID,PLAYER_ID,MATCH_ID,GOAL_MINUTE) values (202,82,68,43);
Insert into WSBPROJEKT.GOALS (ID,PLAYER_ID,MATCH_ID,GOAL_MINUTE) values (203,82,68,53);
Insert into WSBPROJEKT.GOALS (ID,PLAYER_ID,MATCH_ID,GOAL_MINUTE) values (204,82,68,51);
Insert into WSBPROJEKT.GOALS (ID,PLAYER_ID,MATCH_ID,GOAL_MINUTE) values (212,93,70,17);
Insert into WSBPROJEKT.GOALS (ID,PLAYER_ID,MATCH_ID,GOAL_MINUTE) values (213,93,70,5);
Insert into WSBPROJEKT.GOALS (ID,PLAYER_ID,MATCH_ID,GOAL_MINUTE) values (214,93,70,4);
Insert into WSBPROJEKT.GOALS (ID,PLAYER_ID,MATCH_ID,GOAL_MINUTE) values (215,16,70,24);
Insert into WSBPROJEKT.GOALS (ID,PLAYER_ID,MATCH_ID,GOAL_MINUTE) values (216,16,70,37);
Insert into WSBPROJEKT.GOALS (ID,PLAYER_ID,MATCH_ID,GOAL_MINUTE) values (217,16,70,20);
Insert into WSBPROJEKT.GOALS (ID,PLAYER_ID,MATCH_ID,GOAL_MINUTE) values (28,93,23,77);
Insert into WSBPROJEKT.GOALS (ID,PLAYER_ID,MATCH_ID,GOAL_MINUTE) values (29,93,23,58);
Insert into WSBPROJEKT.GOALS (ID,PLAYER_ID,MATCH_ID,GOAL_MINUTE) values (42,27,27,66);
Insert into WSBPROJEKT.GOALS (ID,PLAYER_ID,MATCH_ID,GOAL_MINUTE) values (43,27,27,21);
Insert into WSBPROJEKT.GOALS (ID,PLAYER_ID,MATCH_ID,GOAL_MINUTE) values (44,27,27,88);
Insert into WSBPROJEKT.GOALS (ID,PLAYER_ID,MATCH_ID,GOAL_MINUTE) values (45,27,27,40);
Insert into WSBPROJEKT.GOALS (ID,PLAYER_ID,MATCH_ID,GOAL_MINUTE) values (46,27,27,3);
Insert into WSBPROJEKT.GOALS (ID,PLAYER_ID,MATCH_ID,GOAL_MINUTE) values (56,49,30,34);
Insert into WSBPROJEKT.GOALS (ID,PLAYER_ID,MATCH_ID,GOAL_MINUTE) values (57,49,30,40);
Insert into WSBPROJEKT.GOALS (ID,PLAYER_ID,MATCH_ID,GOAL_MINUTE) values (58,49,30,69);
Insert into WSBPROJEKT.GOALS (ID,PLAYER_ID,MATCH_ID,GOAL_MINUTE) values (59,49,30,85);
Insert into WSBPROJEKT.GOALS (ID,PLAYER_ID,MATCH_ID,GOAL_MINUTE) values (76,82,34,91);
Insert into WSBPROJEKT.GOALS (ID,PLAYER_ID,MATCH_ID,GOAL_MINUTE) values (77,82,34,41);
Insert into WSBPROJEKT.GOALS (ID,PLAYER_ID,MATCH_ID,GOAL_MINUTE) values (78,27,34,4);
Insert into WSBPROJEKT.GOALS (ID,PLAYER_ID,MATCH_ID,GOAL_MINUTE) values (83,93,37,4);
Insert into WSBPROJEKT.GOALS (ID,PLAYER_ID,MATCH_ID,GOAL_MINUTE) values (94,38,41,44);
Insert into WSBPROJEKT.GOALS (ID,PLAYER_ID,MATCH_ID,GOAL_MINUTE) values (102,27,44,22);
Insert into WSBPROJEKT.GOALS (ID,PLAYER_ID,MATCH_ID,GOAL_MINUTE) values (103,27,44,81);
Insert into WSBPROJEKT.GOALS (ID,PLAYER_ID,MATCH_ID,GOAL_MINUTE) values (104,27,44,66);
Insert into WSBPROJEKT.GOALS (ID,PLAYER_ID,MATCH_ID,GOAL_MINUTE) values (105,27,44,72);
Insert into WSBPROJEKT.GOALS (ID,PLAYER_ID,MATCH_ID,GOAL_MINUTE) values (106,27,44,15);
Insert into WSBPROJEKT.GOALS (ID,PLAYER_ID,MATCH_ID,GOAL_MINUTE) values (113,60,48,60);
Insert into WSBPROJEKT.GOALS (ID,PLAYER_ID,MATCH_ID,GOAL_MINUTE) values (114,60,48,36);
Insert into WSBPROJEKT.GOALS (ID,PLAYER_ID,MATCH_ID,GOAL_MINUTE) values (115,93,48,74);
Insert into WSBPROJEKT.GOALS (ID,PLAYER_ID,MATCH_ID,GOAL_MINUTE) values (116,93,48,45);
Insert into WSBPROJEKT.GOALS (ID,PLAYER_ID,MATCH_ID,GOAL_MINUTE) values (117,93,48,88);
Insert into WSBPROJEKT.GOALS (ID,PLAYER_ID,MATCH_ID,GOAL_MINUTE) values (123,38,51,3);
Insert into WSBPROJEKT.GOALS (ID,PLAYER_ID,MATCH_ID,GOAL_MINUTE) values (124,16,51,88);
Insert into WSBPROJEKT.GOALS (ID,PLAYER_ID,MATCH_ID,GOAL_MINUTE) values (144,16,55,74);
Insert into WSBPROJEKT.GOALS (ID,PLAYER_ID,MATCH_ID,GOAL_MINUTE) values (145,16,55,70);
Insert into WSBPROJEKT.GOALS (ID,PLAYER_ID,MATCH_ID,GOAL_MINUTE) values (146,16,55,59);
Insert into WSBPROJEKT.GOALS (ID,PLAYER_ID,MATCH_ID,GOAL_MINUTE) values (157,16,58,31);
Insert into WSBPROJEKT.GOALS (ID,PLAYER_ID,MATCH_ID,GOAL_MINUTE) values (158,16,58,50);
Insert into WSBPROJEKT.GOALS (ID,PLAYER_ID,MATCH_ID,GOAL_MINUTE) values (159,16,58,29);
Insert into WSBPROJEKT.GOALS (ID,PLAYER_ID,MATCH_ID,GOAL_MINUTE) values (160,16,58,78);
Insert into WSBPROJEKT.GOALS (ID,PLAYER_ID,MATCH_ID,GOAL_MINUTE) values (172,60,62,54);
Insert into WSBPROJEKT.GOALS (ID,PLAYER_ID,MATCH_ID,GOAL_MINUTE) values (173,60,62,38);
Insert into WSBPROJEKT.GOALS (ID,PLAYER_ID,MATCH_ID,GOAL_MINUTE) values (174,82,62,80);
Insert into WSBPROJEKT.GOALS (ID,PLAYER_ID,MATCH_ID,GOAL_MINUTE) values (175,82,62,34);
Insert into WSBPROJEKT.GOALS (ID,PLAYER_ID,MATCH_ID,GOAL_MINUTE) values (186,5,65,30);
Insert into WSBPROJEKT.GOALS (ID,PLAYER_ID,MATCH_ID,GOAL_MINUTE) values (205,49,69,87);
Insert into WSBPROJEKT.GOALS (ID,PLAYER_ID,MATCH_ID,GOAL_MINUTE) values (206,49,69,44);
Insert into WSBPROJEKT.GOALS (ID,PLAYER_ID,MATCH_ID,GOAL_MINUTE) values (207,60,69,70);
Insert into WSBPROJEKT.GOALS (ID,PLAYER_ID,MATCH_ID,GOAL_MINUTE) values (208,60,69,37);
Insert into WSBPROJEKT.GOALS (ID,PLAYER_ID,MATCH_ID,GOAL_MINUTE) values (209,60,69,2);
Insert into WSBPROJEKT.GOALS (ID,PLAYER_ID,MATCH_ID,GOAL_MINUTE) values (210,60,69,78);
Insert into WSBPROJEKT.GOALS (ID,PLAYER_ID,MATCH_ID,GOAL_MINUTE) values (211,60,69,12);
REM INSERTING into WSBPROJEKT.JUDGES
SET DEFINE OFF;
Insert into WSBPROJEKT.JUDGES (ID,FIRST_NAME,LAST_NAME) values (1,'Michal','Listkiewicz');
Insert into WSBPROJEKT.JUDGES (ID,FIRST_NAME,LAST_NAME) values (2,'Zdzislaw','Krecina');
Insert into WSBPROJEKT.JUDGES (ID,FIRST_NAME,LAST_NAME) values (3,'Witt','Zelazko');
Insert into WSBPROJEKT.JUDGES (ID,FIRST_NAME,LAST_NAME) values (4,'Pier Luidzi','Colina');
Insert into WSBPROJEKT.JUDGES (ID,FIRST_NAME,LAST_NAME) values (21,'Marian','Spychalski');
Insert into WSBPROJEKT.JUDGES (ID,FIRST_NAME,LAST_NAME) values (22,'Janusz','Bajor');
Insert into WSBPROJEKT.JUDGES (ID,FIRST_NAME,LAST_NAME) values (23,'Marcin','Okno');
Insert into WSBPROJEKT.JUDGES (ID,FIRST_NAME,LAST_NAME) values (24,'Krystian','Szafa');
Insert into WSBPROJEKT.JUDGES (ID,FIRST_NAME,LAST_NAME) values (25,'Wiktor','Ahonen');
Insert into WSBPROJEKT.JUDGES (ID,FIRST_NAME,LAST_NAME) values (26,'Jan','Ma?ysz');
Insert into WSBPROJEKT.JUDGES (ID,FIRST_NAME,LAST_NAME) values (27,'Olgierd','Moniuszko');
Insert into WSBPROJEKT.JUDGES (ID,FIRST_NAME,LAST_NAME) values (28,'Zdzis?aw','?wierczewski');
Insert into WSBPROJEKT.JUDGES (ID,FIRST_NAME,LAST_NAME) values (29,'Filip','?upa?ski');
Insert into WSBPROJEKT.JUDGES (ID,FIRST_NAME,LAST_NAME) values (30,'Hans','Kloss');
REM INSERTING into WSBPROJEKT.MATCHES
SET DEFINE OFF;
Insert into WSBPROJEKT.MATCHES (ID,MATCH_DATE,HOST_ID,GUEST_ID,JUDGE_ID) values (24,to_date('01-APR-90','DD-MON-RR'),6,8,2);
Insert into WSBPROJEKT.MATCHES (ID,MATCH_DATE,HOST_ID,GUEST_ID,JUDGE_ID) values (31,to_date('06-OCT-90','DD-MON-RR'),7,3,27);
Insert into WSBPROJEKT.MATCHES (ID,MATCH_DATE,HOST_ID,GUEST_ID,JUDGE_ID) values (38,to_date('14-NOV-90','DD-MON-RR'),8,4,23);
Insert into WSBPROJEKT.MATCHES (ID,MATCH_DATE,HOST_ID,GUEST_ID,JUDGE_ID) values (45,to_date('23-JUN-90','DD-MON-RR'),3,9,30);
Insert into WSBPROJEKT.MATCHES (ID,MATCH_DATE,HOST_ID,GUEST_ID,JUDGE_ID) values (52,to_date('09-MAR-90','DD-MON-RR'),7,9,24);
Insert into WSBPROJEKT.MATCHES (ID,MATCH_DATE,HOST_ID,GUEST_ID,JUDGE_ID) values (59,to_date('05-NOV-90','DD-MON-RR'),5,4,25);
Insert into WSBPROJEKT.MATCHES (ID,MATCH_DATE,HOST_ID,GUEST_ID,JUDGE_ID) values (66,to_date('16-SEP-90','DD-MON-RR'),6,9,30);
Insert into WSBPROJEKT.MATCHES (ID,MATCH_DATE,HOST_ID,GUEST_ID,JUDGE_ID) values (22,to_date('26-JUN-90','DD-MON-RR'),1,5,21);
Insert into WSBPROJEKT.MATCHES (ID,MATCH_DATE,HOST_ID,GUEST_ID,JUDGE_ID) values (25,to_date('18-JAN-90','DD-MON-RR'),9,3,25);
Insert into WSBPROJEKT.MATCHES (ID,MATCH_DATE,HOST_ID,GUEST_ID,JUDGE_ID) values (29,to_date('22-MAR-90','DD-MON-RR'),1,8,23);
Insert into WSBPROJEKT.MATCHES (ID,MATCH_DATE,HOST_ID,GUEST_ID,JUDGE_ID) values (32,to_date('17-OCT-90','DD-MON-RR'),4,3,25);
Insert into WSBPROJEKT.MATCHES (ID,MATCH_DATE,HOST_ID,GUEST_ID,JUDGE_ID) values (36,to_date('09-FEB-90','DD-MON-RR'),2,9,4);
Insert into WSBPROJEKT.MATCHES (ID,MATCH_DATE,HOST_ID,GUEST_ID,JUDGE_ID) values (39,to_date('13-APR-90','DD-MON-RR'),5,2,23);
Insert into WSBPROJEKT.MATCHES (ID,MATCH_DATE,HOST_ID,GUEST_ID,JUDGE_ID) values (43,to_date('06-AUG-90','DD-MON-RR'),7,6,3);
Insert into WSBPROJEKT.MATCHES (ID,MATCH_DATE,HOST_ID,GUEST_ID,JUDGE_ID) values (46,to_date('01-MAR-90','DD-MON-RR'),4,3,25);
Insert into WSBPROJEKT.MATCHES (ID,MATCH_DATE,HOST_ID,GUEST_ID,JUDGE_ID) values (50,to_date('14-OCT-90','DD-MON-RR'),4,9,22);
Insert into WSBPROJEKT.MATCHES (ID,MATCH_DATE,HOST_ID,GUEST_ID,JUDGE_ID) values (53,to_date('18-MAY-90','DD-MON-RR'),4,3,26);
Insert into WSBPROJEKT.MATCHES (ID,MATCH_DATE,HOST_ID,GUEST_ID,JUDGE_ID) values (57,to_date('11-AUG-90','DD-MON-RR'),9,2,24);
Insert into WSBPROJEKT.MATCHES (ID,MATCH_DATE,HOST_ID,GUEST_ID,JUDGE_ID) values (60,to_date('08-JAN-90','DD-MON-RR'),7,8,28);
Insert into WSBPROJEKT.MATCHES (ID,MATCH_DATE,HOST_ID,GUEST_ID,JUDGE_ID) values (64,to_date('05-FEB-90','DD-MON-RR'),2,9,23);
Insert into WSBPROJEKT.MATCHES (ID,MATCH_DATE,HOST_ID,GUEST_ID,JUDGE_ID) values (67,to_date('06-JUN-90','DD-MON-RR'),8,3,22);
Insert into WSBPROJEKT.MATCHES (ID,MATCH_DATE,HOST_ID,GUEST_ID,JUDGE_ID) values (1,to_date('01-JUL-18','DD-MON-RR'),1,2,1);
Insert into WSBPROJEKT.MATCHES (ID,MATCH_DATE,HOST_ID,GUEST_ID,JUDGE_ID) values (3,to_date('01-JUL-18','DD-MON-RR'),3,4,1);
Insert into WSBPROJEKT.MATCHES (ID,MATCH_DATE,HOST_ID,GUEST_ID,JUDGE_ID) values (21,to_date('25-JAN-90','DD-MON-RR'),6,4,27);
Insert into WSBPROJEKT.MATCHES (ID,MATCH_DATE,HOST_ID,GUEST_ID,JUDGE_ID) values (26,to_date('11-SEP-90','DD-MON-RR'),6,5,24);
Insert into WSBPROJEKT.MATCHES (ID,MATCH_DATE,HOST_ID,GUEST_ID,JUDGE_ID) values (28,to_date('23-JUL-90','DD-MON-RR'),7,3,22);
Insert into WSBPROJEKT.MATCHES (ID,MATCH_DATE,HOST_ID,GUEST_ID,JUDGE_ID) values (33,to_date('10-JUN-90','DD-MON-RR'),2,9,4);
Insert into WSBPROJEKT.MATCHES (ID,MATCH_DATE,HOST_ID,GUEST_ID,JUDGE_ID) values (35,to_date('16-MAY-90','DD-MON-RR'),6,3,25);
Insert into WSBPROJEKT.MATCHES (ID,MATCH_DATE,HOST_ID,GUEST_ID,JUDGE_ID) values (40,to_date('24-AUG-90','DD-MON-RR'),8,6,23);
Insert into WSBPROJEKT.MATCHES (ID,MATCH_DATE,HOST_ID,GUEST_ID,JUDGE_ID) values (42,to_date('10-APR-90','DD-MON-RR'),5,8,30);
Insert into WSBPROJEKT.MATCHES (ID,MATCH_DATE,HOST_ID,GUEST_ID,JUDGE_ID) values (47,to_date('22-AUG-90','DD-MON-RR'),5,8,21);
Insert into WSBPROJEKT.MATCHES (ID,MATCH_DATE,HOST_ID,GUEST_ID,JUDGE_ID) values (49,to_date('17-JAN-90','DD-MON-RR'),7,5,25);
Insert into WSBPROJEKT.MATCHES (ID,MATCH_DATE,HOST_ID,GUEST_ID,JUDGE_ID) values (54,to_date('02-JUL-90','DD-MON-RR'),2,8,21);
Insert into WSBPROJEKT.MATCHES (ID,MATCH_DATE,HOST_ID,GUEST_ID,JUDGE_ID) values (56,to_date('11-OCT-90','DD-MON-RR'),8,4,29);
Insert into WSBPROJEKT.MATCHES (ID,MATCH_DATE,HOST_ID,GUEST_ID,JUDGE_ID) values (61,to_date('17-JAN-90','DD-MON-RR'),6,8,21);
Insert into WSBPROJEKT.MATCHES (ID,MATCH_DATE,HOST_ID,GUEST_ID,JUDGE_ID) values (63,to_date('18-JUN-90','DD-MON-RR'),5,8,23);
Insert into WSBPROJEKT.MATCHES (ID,MATCH_DATE,HOST_ID,GUEST_ID,JUDGE_ID) values (68,to_date('09-JUN-90','DD-MON-RR'),8,9,25);
Insert into WSBPROJEKT.MATCHES (ID,MATCH_DATE,HOST_ID,GUEST_ID,JUDGE_ID) values (70,to_date('19-FEB-90','DD-MON-RR'),2,9,4);
Insert into WSBPROJEKT.MATCHES (ID,MATCH_DATE,HOST_ID,GUEST_ID,JUDGE_ID) values (23,to_date('16-MAR-90','DD-MON-RR'),4,9,28);
Insert into WSBPROJEKT.MATCHES (ID,MATCH_DATE,HOST_ID,GUEST_ID,JUDGE_ID) values (27,to_date('15-AUG-90','DD-MON-RR'),3,9,25);
Insert into WSBPROJEKT.MATCHES (ID,MATCH_DATE,HOST_ID,GUEST_ID,JUDGE_ID) values (30,to_date('17-JUL-90','DD-MON-RR'),5,1,27);
Insert into WSBPROJEKT.MATCHES (ID,MATCH_DATE,HOST_ID,GUEST_ID,JUDGE_ID) values (34,to_date('10-SEP-90','DD-MON-RR'),3,8,25);
Insert into WSBPROJEKT.MATCHES (ID,MATCH_DATE,HOST_ID,GUEST_ID,JUDGE_ID) values (37,to_date('16-FEB-90','DD-MON-RR'),8,9,28);
Insert into WSBPROJEKT.MATCHES (ID,MATCH_DATE,HOST_ID,GUEST_ID,JUDGE_ID) values (41,to_date('15-OCT-90','DD-MON-RR'),4,9,28);
Insert into WSBPROJEKT.MATCHES (ID,MATCH_DATE,HOST_ID,GUEST_ID,JUDGE_ID) values (44,to_date('23-MAY-90','DD-MON-RR'),3,4,29);
Insert into WSBPROJEKT.MATCHES (ID,MATCH_DATE,HOST_ID,GUEST_ID,JUDGE_ID) values (48,to_date('12-JAN-90','DD-MON-RR'),9,6,24);
Insert into WSBPROJEKT.MATCHES (ID,MATCH_DATE,HOST_ID,GUEST_ID,JUDGE_ID) values (51,to_date('17-JUN-90','DD-MON-RR'),2,4,1);
Insert into WSBPROJEKT.MATCHES (ID,MATCH_DATE,HOST_ID,GUEST_ID,JUDGE_ID) values (55,to_date('26-AUG-90','DD-MON-RR'),4,2,4);
Insert into WSBPROJEKT.MATCHES (ID,MATCH_DATE,HOST_ID,GUEST_ID,JUDGE_ID) values (58,to_date('11-APR-90','DD-MON-RR'),2,5,22);
Insert into WSBPROJEKT.MATCHES (ID,MATCH_DATE,HOST_ID,GUEST_ID,JUDGE_ID) values (62,to_date('12-FEB-90','DD-MON-RR'),8,6,26);
Insert into WSBPROJEKT.MATCHES (ID,MATCH_DATE,HOST_ID,GUEST_ID,JUDGE_ID) values (65,to_date('24-OCT-90','DD-MON-RR'),1,7,26);
Insert into WSBPROJEKT.MATCHES (ID,MATCH_DATE,HOST_ID,GUEST_ID,JUDGE_ID) values (69,to_date('08-OCT-90','DD-MON-RR'),6,5,21);
REM INSERTING into WSBPROJEKT.PLAYERS
SET DEFINE OFF;
Insert into WSBPROJEKT.PLAYERS (ID,FIRST_NAME,LAST_NAME,BIRTHDAY,TEAM_ID) values (1,'Dorian','Tarusza',to_date('22-SEP-85','DD-MON-RR'),1);
Insert into WSBPROJEKT.PLAYERS (ID,FIRST_NAME,LAST_NAME,BIRTHDAY,TEAM_ID) values (2,'Dobros?aw','Brzuchalski',to_date('24-MAR-82','DD-MON-RR'),1);
Insert into WSBPROJEKT.PLAYERS (ID,FIRST_NAME,LAST_NAME,BIRTHDAY,TEAM_ID) values (3,'Herbert','Wiszowaty',to_date('23-SEP-81','DD-MON-RR'),1);
Insert into WSBPROJEKT.PLAYERS (ID,FIRST_NAME,LAST_NAME,BIRTHDAY,TEAM_ID) values (4,'Mateusz','Chroscielewski',to_date('11-JUN-88','DD-MON-RR'),1);
Insert into WSBPROJEKT.PLAYERS (ID,FIRST_NAME,LAST_NAME,BIRTHDAY,TEAM_ID) values (5,'Hiacynt','Suyski',to_date('13-JUL-85','DD-MON-RR'),1);
Insert into WSBPROJEKT.PLAYERS (ID,FIRST_NAME,LAST_NAME,BIRTHDAY,TEAM_ID) values (6,'Ludan','Sikucki',to_date('20-MAR-89','DD-MON-RR'),1);
Insert into WSBPROJEKT.PLAYERS (ID,FIRST_NAME,LAST_NAME,BIRTHDAY,TEAM_ID) values (7,'Kastor','Opoli?ski',to_date('21-OCT-81','DD-MON-RR'),1);
Insert into WSBPROJEKT.PLAYERS (ID,FIRST_NAME,LAST_NAME,BIRTHDAY,TEAM_ID) values (8,'Miron','Kudzborski',to_date('17-MAR-85','DD-MON-RR'),1);
Insert into WSBPROJEKT.PLAYERS (ID,FIRST_NAME,LAST_NAME,BIRTHDAY,TEAM_ID) values (9,'Balbin','Bara?ski',to_date('19-JUN-80','DD-MON-RR'),1);
Insert into WSBPROJEKT.PLAYERS (ID,FIRST_NAME,LAST_NAME,BIRTHDAY,TEAM_ID) values (10,'Dezydery','Goc?owska',to_date('18-DEC-81','DD-MON-RR'),1);
Insert into WSBPROJEKT.PLAYERS (ID,FIRST_NAME,LAST_NAME,BIRTHDAY,TEAM_ID) values (11,'Hiacynt','Trycz',to_date('03-JAN-82','DD-MON-RR'),1);
Insert into WSBPROJEKT.PLAYERS (ID,FIRST_NAME,LAST_NAME,BIRTHDAY,TEAM_ID) values (12,'Augustyn','Wo?czyski',to_date('11-APR-81','DD-MON-RR'),2);
Insert into WSBPROJEKT.PLAYERS (ID,FIRST_NAME,LAST_NAME,BIRTHDAY,TEAM_ID) values (13,'Bartosz','Szwi?szkowski',to_date('08-SEP-83','DD-MON-RR'),2);
Insert into WSBPROJEKT.PLAYERS (ID,FIRST_NAME,LAST_NAME,BIRTHDAY,TEAM_ID) values (14,'Leonard','Fiszkowicz',to_date('13-JUL-85','DD-MON-RR'),2);
Insert into WSBPROJEKT.PLAYERS (ID,FIRST_NAME,LAST_NAME,BIRTHDAY,TEAM_ID) values (15,'Olaf','Haarich',to_date('07-SEP-88','DD-MON-RR'),2);
Insert into WSBPROJEKT.PLAYERS (ID,FIRST_NAME,LAST_NAME,BIRTHDAY,TEAM_ID) values (16,'Oliwier','Marczuk',to_date('11-APR-87','DD-MON-RR'),2);
Insert into WSBPROJEKT.PLAYERS (ID,FIRST_NAME,LAST_NAME,BIRTHDAY,TEAM_ID) values (17,'Lechos?aw','Chodory',to_date('28-FEB-83','DD-MON-RR'),2);
Insert into WSBPROJEKT.PLAYERS (ID,FIRST_NAME,LAST_NAME,BIRTHDAY,TEAM_ID) values (18,'Bernard','Szelgowski',to_date('20-MAY-83','DD-MON-RR'),2);
Insert into WSBPROJEKT.PLAYERS (ID,FIRST_NAME,LAST_NAME,BIRTHDAY,TEAM_ID) values (19,'January','Bujnowicz',to_date('11-JUN-87','DD-MON-RR'),2);
Insert into WSBPROJEKT.PLAYERS (ID,FIRST_NAME,LAST_NAME,BIRTHDAY,TEAM_ID) values (20,'Kalikst','Budro',to_date('13-OCT-82','DD-MON-RR'),2);
Insert into WSBPROJEKT.PLAYERS (ID,FIRST_NAME,LAST_NAME,BIRTHDAY,TEAM_ID) values (21,'Wiliam','Robaczyk',to_date('25-MAY-81','DD-MON-RR'),2);
Insert into WSBPROJEKT.PLAYERS (ID,FIRST_NAME,LAST_NAME,BIRTHDAY,TEAM_ID) values (22,'Oswald','Skiermont',to_date('14-MAR-85','DD-MON-RR'),2);
Insert into WSBPROJEKT.PLAYERS (ID,FIRST_NAME,LAST_NAME,BIRTHDAY,TEAM_ID) values (23,'Eugeniusz','Santorowski',to_date('24-MAY-88','DD-MON-RR'),3);
Insert into WSBPROJEKT.PLAYERS (ID,FIRST_NAME,LAST_NAME,BIRTHDAY,TEAM_ID) values (24,'Artur','Leybusiewicz',to_date('23-DEC-85','DD-MON-RR'),3);
Insert into WSBPROJEKT.PLAYERS (ID,FIRST_NAME,LAST_NAME,BIRTHDAY,TEAM_ID) values (25,'Robin','Lewin',to_date('03-MAY-89','DD-MON-RR'),3);
Insert into WSBPROJEKT.PLAYERS (ID,FIRST_NAME,LAST_NAME,BIRTHDAY,TEAM_ID) values (26,'Lucjan','Czech',to_date('22-DEC-83','DD-MON-RR'),3);
Insert into WSBPROJEKT.PLAYERS (ID,FIRST_NAME,LAST_NAME,BIRTHDAY,TEAM_ID) values (27,'Jonasz','Faszczewski',to_date('03-MAY-80','DD-MON-RR'),3);
Insert into WSBPROJEKT.PLAYERS (ID,FIRST_NAME,LAST_NAME,BIRTHDAY,TEAM_ID) values (28,'Robin','Kostewicz',to_date('23-APR-84','DD-MON-RR'),3);
Insert into WSBPROJEKT.PLAYERS (ID,FIRST_NAME,LAST_NAME,BIRTHDAY,TEAM_ID) values (29,'Patryk','Jerozalski',to_date('09-FEB-87','DD-MON-RR'),3);
Insert into WSBPROJEKT.PLAYERS (ID,FIRST_NAME,LAST_NAME,BIRTHDAY,TEAM_ID) values (30,'Wirgiliusz','Nag�rny',to_date('06-OCT-87','DD-MON-RR'),3);
Insert into WSBPROJEKT.PLAYERS (ID,FIRST_NAME,LAST_NAME,BIRTHDAY,TEAM_ID) values (31,'Gerard','Leybuzowicz',to_date('03-OCT-84','DD-MON-RR'),3);
Insert into WSBPROJEKT.PLAYERS (ID,FIRST_NAME,LAST_NAME,BIRTHDAY,TEAM_ID) values (32,'Hilary','Cieleiewski',to_date('07-AUG-84','DD-MON-RR'),3);
Insert into WSBPROJEKT.PLAYERS (ID,FIRST_NAME,LAST_NAME,BIRTHDAY,TEAM_ID) values (33,'Ariel','Ch?dzynski',to_date('23-JUN-86','DD-MON-RR'),3);
Insert into WSBPROJEKT.PLAYERS (ID,FIRST_NAME,LAST_NAME,BIRTHDAY,TEAM_ID) values (34,'Chwalib�g','Krzemucki',to_date('11-AUG-87','DD-MON-RR'),4);
Insert into WSBPROJEKT.PLAYERS (ID,FIRST_NAME,LAST_NAME,BIRTHDAY,TEAM_ID) values (35,'Jeremi','Tymianski',to_date('22-DEC-89','DD-MON-RR'),4);
Insert into WSBPROJEKT.PLAYERS (ID,FIRST_NAME,LAST_NAME,BIRTHDAY,TEAM_ID) values (36,'W?odzimierz','Ba?dak',to_date('13-JUN-87','DD-MON-RR'),4);
Insert into WSBPROJEKT.PLAYERS (ID,FIRST_NAME,LAST_NAME,BIRTHDAY,TEAM_ID) values (37,'Klemens','Dekudowski',to_date('19-SEP-88','DD-MON-RR'),4);
Insert into WSBPROJEKT.PLAYERS (ID,FIRST_NAME,LAST_NAME,BIRTHDAY,TEAM_ID) values (38,'Emilian','Rupeze?ski',to_date('06-OCT-81','DD-MON-RR'),4);
Insert into WSBPROJEKT.PLAYERS (ID,FIRST_NAME,LAST_NAME,BIRTHDAY,TEAM_ID) values (39,'Beniamin','Kilanowski',to_date('10-JUN-87','DD-MON-RR'),4);
Insert into WSBPROJEKT.PLAYERS (ID,FIRST_NAME,LAST_NAME,BIRTHDAY,TEAM_ID) values (40,'Marceli','Kowalczyk',to_date('13-APR-86','DD-MON-RR'),4);
Insert into WSBPROJEKT.PLAYERS (ID,FIRST_NAME,LAST_NAME,BIRTHDAY,TEAM_ID) values (41,'Patrycy','Chroscielewski',to_date('04-JAN-81','DD-MON-RR'),4);
Insert into WSBPROJEKT.PLAYERS (ID,FIRST_NAME,LAST_NAME,BIRTHDAY,TEAM_ID) values (42,'Hubert','G?a?ewski',to_date('11-OCT-87','DD-MON-RR'),4);
Insert into WSBPROJEKT.PLAYERS (ID,FIRST_NAME,LAST_NAME,BIRTHDAY,TEAM_ID) values (43,'Mi?osz','Pawlik',to_date('01-MAY-81','DD-MON-RR'),4);
Insert into WSBPROJEKT.PLAYERS (ID,FIRST_NAME,LAST_NAME,BIRTHDAY,TEAM_ID) values (44,'Aksel','Kopa?ski',to_date('14-AUG-87','DD-MON-RR'),4);
Insert into WSBPROJEKT.PLAYERS (ID,FIRST_NAME,LAST_NAME,BIRTHDAY,TEAM_ID) values (45,'Felicjan','Siocha',to_date('13-JUN-84','DD-MON-RR'),5);
Insert into WSBPROJEKT.PLAYERS (ID,FIRST_NAME,LAST_NAME,BIRTHDAY,TEAM_ID) values (46,'Anzelm','Czartoryjski',to_date('24-FEB-84','DD-MON-RR'),5);
Insert into WSBPROJEKT.PLAYERS (ID,FIRST_NAME,LAST_NAME,BIRTHDAY,TEAM_ID) values (47,'Beniamin','W?ssowski',to_date('28-SEP-82','DD-MON-RR'),5);
Insert into WSBPROJEKT.PLAYERS (ID,FIRST_NAME,LAST_NAME,BIRTHDAY,TEAM_ID) values (48,'Oskar','Mendlowicz',to_date('14-JUL-81','DD-MON-RR'),5);
Insert into WSBPROJEKT.PLAYERS (ID,FIRST_NAME,LAST_NAME,BIRTHDAY,TEAM_ID) values (49,'Ewaryst','Pluskwa',to_date('28-JUL-81','DD-MON-RR'),5);
Insert into WSBPROJEKT.PLAYERS (ID,FIRST_NAME,LAST_NAME,BIRTHDAY,TEAM_ID) values (50,'Miron','Dzeb?ski',to_date('19-FEB-82','DD-MON-RR'),5);
Insert into WSBPROJEKT.PLAYERS (ID,FIRST_NAME,LAST_NAME,BIRTHDAY,TEAM_ID) values (51,'Kryspin','Reczka',to_date('03-NOV-87','DD-MON-RR'),5);
Insert into WSBPROJEKT.PLAYERS (ID,FIRST_NAME,LAST_NAME,BIRTHDAY,TEAM_ID) values (52,'Abraham','Wyrozomski',to_date('19-JAN-80','DD-MON-RR'),5);
Insert into WSBPROJEKT.PLAYERS (ID,FIRST_NAME,LAST_NAME,BIRTHDAY,TEAM_ID) values (53,'Julian','Obr?palski',to_date('15-OCT-87','DD-MON-RR'),5);
Insert into WSBPROJEKT.PLAYERS (ID,FIRST_NAME,LAST_NAME,BIRTHDAY,TEAM_ID) values (54,'?ukasz','Jurkowski',to_date('26-FEB-84','DD-MON-RR'),5);
Insert into WSBPROJEKT.PLAYERS (ID,FIRST_NAME,LAST_NAME,BIRTHDAY,TEAM_ID) values (55,'Wac?aw','Chanik',to_date('01-OCT-83','DD-MON-RR'),5);
Insert into WSBPROJEKT.PLAYERS (ID,FIRST_NAME,LAST_NAME,BIRTHDAY,TEAM_ID) values (56,'Emanuel','Kruczek',to_date('09-NOV-86','DD-MON-RR'),6);
Insert into WSBPROJEKT.PLAYERS (ID,FIRST_NAME,LAST_NAME,BIRTHDAY,TEAM_ID) values (57,'Mi?osz','Olicz',to_date('05-FEB-88','DD-MON-RR'),6);
Insert into WSBPROJEKT.PLAYERS (ID,FIRST_NAME,LAST_NAME,BIRTHDAY,TEAM_ID) values (58,'Robin','Go?asz',to_date('16-JUN-85','DD-MON-RR'),6);
Insert into WSBPROJEKT.PLAYERS (ID,FIRST_NAME,LAST_NAME,BIRTHDAY,TEAM_ID) values (59,'Antoni','Czajewski',to_date('19-FEB-86','DD-MON-RR'),6);
Insert into WSBPROJEKT.PLAYERS (ID,FIRST_NAME,LAST_NAME,BIRTHDAY,TEAM_ID) values (60,'January','Lubie?ski',to_date('20-JUL-83','DD-MON-RR'),6);
Insert into WSBPROJEKT.PLAYERS (ID,FIRST_NAME,LAST_NAME,BIRTHDAY,TEAM_ID) values (61,'Aureli','Szmoylowicz',to_date('20-DEC-83','DD-MON-RR'),6);
Insert into WSBPROJEKT.PLAYERS (ID,FIRST_NAME,LAST_NAME,BIRTHDAY,TEAM_ID) values (62,'Bart?omiej','Ryna?towski',to_date('22-MAR-85','DD-MON-RR'),6);
Insert into WSBPROJEKT.PLAYERS (ID,FIRST_NAME,LAST_NAME,BIRTHDAY,TEAM_ID) values (63,'Romuald','Targowski',to_date('02-MAY-83','DD-MON-RR'),6);
Insert into WSBPROJEKT.PLAYERS (ID,FIRST_NAME,LAST_NAME,BIRTHDAY,TEAM_ID) values (64,'Tymoteusz','Odali?ski',to_date('12-MAY-80','DD-MON-RR'),6);
Insert into WSBPROJEKT.PLAYERS (ID,FIRST_NAME,LAST_NAME,BIRTHDAY,TEAM_ID) values (65,'Ignacy','Stabro?s',to_date('03-JUL-83','DD-MON-RR'),6);
Insert into WSBPROJEKT.PLAYERS (ID,FIRST_NAME,LAST_NAME,BIRTHDAY,TEAM_ID) values (66,'Igor','Meler',to_date('02-AUG-86','DD-MON-RR'),6);
Insert into WSBPROJEKT.PLAYERS (ID,FIRST_NAME,LAST_NAME,BIRTHDAY,TEAM_ID) values (67,'Micha?','Lutesta?ski',to_date('24-JUL-80','DD-MON-RR'),7);
Insert into WSBPROJEKT.PLAYERS (ID,FIRST_NAME,LAST_NAME,BIRTHDAY,TEAM_ID) values (68,'Sewer','Buczy?owski',to_date('24-AUG-83','DD-MON-RR'),7);
Insert into WSBPROJEKT.PLAYERS (ID,FIRST_NAME,LAST_NAME,BIRTHDAY,TEAM_ID) values (69,'Baltazar','Makowiecki',to_date('01-DEC-82','DD-MON-RR'),7);
Insert into WSBPROJEKT.PLAYERS (ID,FIRST_NAME,LAST_NAME,BIRTHDAY,TEAM_ID) values (70,'Ralf','Chrzaniowski',to_date('23-JUN-80','DD-MON-RR'),7);
Insert into WSBPROJEKT.PLAYERS (ID,FIRST_NAME,LAST_NAME,BIRTHDAY,TEAM_ID) values (71,'Zdzis?aw','Rousen',to_date('08-JUN-86','DD-MON-RR'),7);
Insert into WSBPROJEKT.PLAYERS (ID,FIRST_NAME,LAST_NAME,BIRTHDAY,TEAM_ID) values (72,'Jarema','Gerszonowicz',to_date('19-AUG-80','DD-MON-RR'),7);
Insert into WSBPROJEKT.PLAYERS (ID,FIRST_NAME,LAST_NAME,BIRTHDAY,TEAM_ID) values (73,'Jurand','Purzycki',to_date('23-FEB-81','DD-MON-RR'),7);
Insert into WSBPROJEKT.PLAYERS (ID,FIRST_NAME,LAST_NAME,BIRTHDAY,TEAM_ID) values (74,'J?drzej','Nag�rka',to_date('15-FEB-87','DD-MON-RR'),7);
Insert into WSBPROJEKT.PLAYERS (ID,FIRST_NAME,LAST_NAME,BIRTHDAY,TEAM_ID) values (75,'Bo?ydar','Miculewicz',to_date('06-JUL-86','DD-MON-RR'),7);
Insert into WSBPROJEKT.PLAYERS (ID,FIRST_NAME,LAST_NAME,BIRTHDAY,TEAM_ID) values (76,'Jan','Dunin-Rajecki',to_date('12-JAN-86','DD-MON-RR'),7);
Insert into WSBPROJEKT.PLAYERS (ID,FIRST_NAME,LAST_NAME,BIRTHDAY,TEAM_ID) values (77,'Chryzostom','Gleszewski',to_date('26-JUN-88','DD-MON-RR'),7);
Insert into WSBPROJEKT.PLAYERS (ID,FIRST_NAME,LAST_NAME,BIRTHDAY,TEAM_ID) values (78,'Arkadiusz','R?bowski',to_date('24-FEB-87','DD-MON-RR'),8);
Insert into WSBPROJEKT.PLAYERS (ID,FIRST_NAME,LAST_NAME,BIRTHDAY,TEAM_ID) values (79,'Leopold','Jab?onowski',to_date('20-MAY-85','DD-MON-RR'),8);
Insert into WSBPROJEKT.PLAYERS (ID,FIRST_NAME,LAST_NAME,BIRTHDAY,TEAM_ID) values (80,'Beniamin','Pomian',to_date('19-DEC-81','DD-MON-RR'),8);
Insert into WSBPROJEKT.PLAYERS (ID,FIRST_NAME,LAST_NAME,BIRTHDAY,TEAM_ID) values (81,'Micha?','Bleszy?ski',to_date('23-MAY-88','DD-MON-RR'),8);
Insert into WSBPROJEKT.PLAYERS (ID,FIRST_NAME,LAST_NAME,BIRTHDAY,TEAM_ID) values (82,'Urban','Denisowicz',to_date('27-FEB-88','DD-MON-RR'),8);
Insert into WSBPROJEKT.PLAYERS (ID,FIRST_NAME,LAST_NAME,BIRTHDAY,TEAM_ID) values (83,'Mirmi?','Sojka',to_date('19-NOV-80','DD-MON-RR'),8);
Insert into WSBPROJEKT.PLAYERS (ID,FIRST_NAME,LAST_NAME,BIRTHDAY,TEAM_ID) values (84,'Oswald','Gelberg',to_date('26-OCT-80','DD-MON-RR'),8);
Insert into WSBPROJEKT.PLAYERS (ID,FIRST_NAME,LAST_NAME,BIRTHDAY,TEAM_ID) values (85,'Oliwer','Same?ko',to_date('02-FEB-84','DD-MON-RR'),8);
Insert into WSBPROJEKT.PLAYERS (ID,FIRST_NAME,LAST_NAME,BIRTHDAY,TEAM_ID) values (86,'B?a?ej','Osole?ski',to_date('06-MAY-83','DD-MON-RR'),8);
Insert into WSBPROJEKT.PLAYERS (ID,FIRST_NAME,LAST_NAME,BIRTHDAY,TEAM_ID) values (87,'Gerald','Karecki',to_date('20-NOV-82','DD-MON-RR'),8);
Insert into WSBPROJEKT.PLAYERS (ID,FIRST_NAME,LAST_NAME,BIRTHDAY,TEAM_ID) values (88,'Julian','Kreska',to_date('13-OCT-83','DD-MON-RR'),8);
Insert into WSBPROJEKT.PLAYERS (ID,FIRST_NAME,LAST_NAME,BIRTHDAY,TEAM_ID) values (89,'Helmut','Wigor',to_date('13-DEC-87','DD-MON-RR'),9);
Insert into WSBPROJEKT.PLAYERS (ID,FIRST_NAME,LAST_NAME,BIRTHDAY,TEAM_ID) values (90,'Dobros?aw','Dome?a',to_date('24-DEC-89','DD-MON-RR'),9);
Insert into WSBPROJEKT.PLAYERS (ID,FIRST_NAME,LAST_NAME,BIRTHDAY,TEAM_ID) values (91,'Hipolit','Kole?nicka',to_date('07-OCT-86','DD-MON-RR'),9);
Insert into WSBPROJEKT.PLAYERS (ID,FIRST_NAME,LAST_NAME,BIRTHDAY,TEAM_ID) values (92,'Ildefons','Wojs?aw',to_date('01-AUG-80','DD-MON-RR'),9);
Insert into WSBPROJEKT.PLAYERS (ID,FIRST_NAME,LAST_NAME,BIRTHDAY,TEAM_ID) values (93,'Gawe?','Gryglak',to_date('21-JAN-87','DD-MON-RR'),9);
Insert into WSBPROJEKT.PLAYERS (ID,FIRST_NAME,LAST_NAME,BIRTHDAY,TEAM_ID) values (94,'Filip','Lenartowicz',to_date('22-DEC-86','DD-MON-RR'),9);
Insert into WSBPROJEKT.PLAYERS (ID,FIRST_NAME,LAST_NAME,BIRTHDAY,TEAM_ID) values (95,'Horacy','Czarnowski',to_date('05-JAN-86','DD-MON-RR'),9);
Insert into WSBPROJEKT.PLAYERS (ID,FIRST_NAME,LAST_NAME,BIRTHDAY,TEAM_ID) values (96,'Kasjan','Szepietowski',to_date('13-MAR-89','DD-MON-RR'),9);
Insert into WSBPROJEKT.PLAYERS (ID,FIRST_NAME,LAST_NAME,BIRTHDAY,TEAM_ID) values (97,'Gotard','Do??ga',to_date('24-JUN-82','DD-MON-RR'),9);
Insert into WSBPROJEKT.PLAYERS (ID,FIRST_NAME,LAST_NAME,BIRTHDAY,TEAM_ID) values (98,'Janusz','W?sowski',to_date('06-JUN-82','DD-MON-RR'),9);
Insert into WSBPROJEKT.PLAYERS (ID,FIRST_NAME,LAST_NAME,BIRTHDAY,TEAM_ID) values (99,'Kajetan','Ma?ki?ski',to_date('16-AUG-83','DD-MON-RR'),9);
REM INSERTING into WSBPROJEKT.TEAMS
SET DEFINE OFF;
Insert into WSBPROJEKT.TEAMS (ID,NAME,COACH) values (1,'Lech Poznan','Adam Nawalka');
Insert into WSBPROJEKT.TEAMS (ID,NAME,COACH) values (2,'Korona Kielce','Hans Kloss');
Insert into WSBPROJEKT.TEAMS (ID,NAME,COACH) values (3,'Legia Warszawa','Dzizas Krajst');
Insert into WSBPROJEKT.TEAMS (ID,NAME,COACH) values (4,'Lechia Gdansk','Andrzej Duda');
Insert into WSBPROJEKT.TEAMS (ID,NAME,COACH) values (5,'Lechia Kostrzyn','Jacek Pasek');
Insert into WSBPROJEKT.TEAMS (ID,NAME,COACH) values (6,'Dynamo Sanniki','Jerzy Engel');
Insert into WSBPROJEKT.TEAMS (ID,NAME,COACH) values (7,'Arka Gdynia','Zbigniew Boniek');
Insert into WSBPROJEKT.TEAMS (ID,NAME,COACH) values (8,'Termalica Nieciecza','Jakis Koles');
Insert into WSBPROJEKT.TEAMS (ID,NAME,COACH) values (9,'GKS Belchatow','Eryk Paszko');
--------------------------------------------------------
--  DDL for Trigger TRG_CHECK_SELFMATCH
--------------------------------------------------------

  CREATE OR REPLACE EDITIONABLE TRIGGER "WSBPROJEKT"."TRG_CHECK_SELFMATCH" 
BEFORE INSERT OR UPDATE
ON MATCHES
FOR EACH ROW
DECLARE
self_match_exc exception;
BEGIN

-- for insert
IF ((:NEW.HOST_ID = :NEW.GUEST_ID) OR (:OLD.HOST_ID = :NEW.GUEST_ID) OR (:OLD.GUEST_ID = :NEW.HOST_ID)) THEN
    raise self_match_exc;
    rollback;
END IF;


END;
/
ALTER TRIGGER "WSBPROJEKT"."TRG_CHECK_SELFMATCH" ENABLE;
--------------------------------------------------------
--  DDL for Trigger TRG_GENERATE_ID_GOALS
--------------------------------------------------------

  CREATE OR REPLACE EDITIONABLE TRIGGER "WSBPROJEKT"."TRG_GENERATE_ID_GOALS" BEFORE INSERT ON goals
for each row 
begin
	if :new.id is null then
		select goals_id_seq.nextval into :new.id from dual;
	end if;
end trg_generate_id_goals;
/
ALTER TRIGGER "WSBPROJEKT"."TRG_GENERATE_ID_GOALS" ENABLE;
--------------------------------------------------------
--  DDL for Trigger TRG_GENERATE_ID_JUDGES
--------------------------------------------------------

  CREATE OR REPLACE EDITIONABLE TRIGGER "WSBPROJEKT"."TRG_GENERATE_ID_JUDGES" BEFORE INSERT ON judges
for each row 
begin
	if :new.id is null then
		select judges_id_seq.nextval into :new.id from dual;
	end if;
end trg_generate_id_judges;
/
ALTER TRIGGER "WSBPROJEKT"."TRG_GENERATE_ID_JUDGES" ENABLE;
--------------------------------------------------------
--  DDL for Trigger TRG_GENERATE_ID_MATCHES
--------------------------------------------------------

  CREATE OR REPLACE EDITIONABLE TRIGGER "WSBPROJEKT"."TRG_GENERATE_ID_MATCHES" BEFORE INSERT ON matches
for each row 
begin
	if :new.id is null then
		select matches_id_seq.nextval into :new.id from dual;
	end if;
end trg_generate_id_matches;
/
ALTER TRIGGER "WSBPROJEKT"."TRG_GENERATE_ID_MATCHES" ENABLE;
--------------------------------------------------------
--  DDL for Trigger TRG_GENERATE_ID_PLAYERS
--------------------------------------------------------

  CREATE OR REPLACE EDITIONABLE TRIGGER "WSBPROJEKT"."TRG_GENERATE_ID_PLAYERS" BEFORE INSERT ON players
for each row 
begin
	if :new.id is null then
		select players_id_seq.nextval into :new.id from dual;
	end if;
end trg_generate_id_players;
/
ALTER TRIGGER "WSBPROJEKT"."TRG_GENERATE_ID_PLAYERS" ENABLE;
--------------------------------------------------------
--  DDL for Trigger TRG_GENERATE_ID_TEAMS
--------------------------------------------------------

  CREATE OR REPLACE EDITIONABLE TRIGGER "WSBPROJEKT"."TRG_GENERATE_ID_TEAMS" BEFORE INSERT ON teams
for each row 
begin
	if :new.id is null then
		select teams_id_seq.nextval into :new.id from dual;
	end if;
end trg_generate_id_teams;
/
ALTER TRIGGER "WSBPROJEKT"."TRG_GENERATE_ID_TEAMS" ENABLE;
--------------------------------------------------------
--  DDL for Trigger TRG_ONLY_ONE_MATCH_PER_DAY
--------------------------------------------------------

  CREATE OR REPLACE EDITIONABLE TRIGGER "WSBPROJEKT"."TRG_ONLY_ONE_MATCH_PER_DAY" 
BEFORE INSERT OR UPDATE
ON MATCHES
FOR EACH ROW
DECLARE
count_host integer;
count_guest integer;
team_just_played_exc exception;
BEGIN
select count(*) into count_host from MATCHES where MATCH_DATE = :NEW.MATCH_DATE and HOST_ID = :NEW.HOST_ID ;
select count(*) into count_guest from MATCHES where MATCH_DATE = :NEW.MATCH_DATE and GUEST_ID = :NEW.GUEST_ID ;

IF ((count_guest > 0) OR (count_host > 0)) THEN
    raise team_just_played_exc;
    rollback;
END IF;
END;
/
ALTER TRIGGER "WSBPROJEKT"."TRG_ONLY_ONE_MATCH_PER_DAY" ENABLE;
--------------------------------------------------------
--  Constraints for Table MATCHES
--------------------------------------------------------

  ALTER TABLE "WSBPROJEKT"."MATCHES" ADD PRIMARY KEY ("ID")
  USING INDEX PCTFREE 10 INITRANS 2 MAXTRANS 255 COMPUTE STATISTICS 
  STORAGE(INITIAL 65536 NEXT 1048576 MINEXTENTS 1 MAXEXTENTS 2147483645
  PCTINCREASE 0 FREELISTS 1 FREELIST GROUPS 1
  BUFFER_POOL DEFAULT FLASH_CACHE DEFAULT CELL_FLASH_CACHE DEFAULT)
  TABLESPACE "USERS"  ENABLE;
--------------------------------------------------------
--  Constraints for Table TEAMS
--------------------------------------------------------

  ALTER TABLE "WSBPROJEKT"."TEAMS" ADD PRIMARY KEY ("ID")
  USING INDEX PCTFREE 10 INITRANS 2 MAXTRANS 255 COMPUTE STATISTICS 
  STORAGE(INITIAL 65536 NEXT 1048576 MINEXTENTS 1 MAXEXTENTS 2147483645
  PCTINCREASE 0 FREELISTS 1 FREELIST GROUPS 1
  BUFFER_POOL DEFAULT FLASH_CACHE DEFAULT CELL_FLASH_CACHE DEFAULT)
  TABLESPACE "USERS"  ENABLE;
--------------------------------------------------------
--  Constraints for Table PLAYERS
--------------------------------------------------------

  ALTER TABLE "WSBPROJEKT"."PLAYERS" ADD PRIMARY KEY ("ID")
  USING INDEX PCTFREE 10 INITRANS 2 MAXTRANS 255 COMPUTE STATISTICS 
  STORAGE(INITIAL 65536 NEXT 1048576 MINEXTENTS 1 MAXEXTENTS 2147483645
  PCTINCREASE 0 FREELISTS 1 FREELIST GROUPS 1
  BUFFER_POOL DEFAULT FLASH_CACHE DEFAULT CELL_FLASH_CACHE DEFAULT)
  TABLESPACE "USERS"  ENABLE;
--------------------------------------------------------
--  Constraints for Table JUDGES
--------------------------------------------------------

  ALTER TABLE "WSBPROJEKT"."JUDGES" ADD PRIMARY KEY ("ID")
  USING INDEX PCTFREE 10 INITRANS 2 MAXTRANS 255 COMPUTE STATISTICS 
  STORAGE(INITIAL 65536 NEXT 1048576 MINEXTENTS 1 MAXEXTENTS 2147483645
  PCTINCREASE 0 FREELISTS 1 FREELIST GROUPS 1
  BUFFER_POOL DEFAULT FLASH_CACHE DEFAULT CELL_FLASH_CACHE DEFAULT)
  TABLESPACE "USERS"  ENABLE;
--------------------------------------------------------
--  Constraints for Table GOALS
--------------------------------------------------------

  ALTER TABLE "WSBPROJEKT"."GOALS" ADD PRIMARY KEY ("ID")
  USING INDEX PCTFREE 10 INITRANS 2 MAXTRANS 255 COMPUTE STATISTICS 
  STORAGE(INITIAL 65536 NEXT 1048576 MINEXTENTS 1 MAXEXTENTS 2147483645
  PCTINCREASE 0 FREELISTS 1 FREELIST GROUPS 1
  BUFFER_POOL DEFAULT FLASH_CACHE DEFAULT CELL_FLASH_CACHE DEFAULT)
  TABLESPACE "USERS"  ENABLE;
--------------------------------------------------------
--  Ref Constraints for Table GOALS
--------------------------------------------------------

  ALTER TABLE "WSBPROJEKT"."GOALS" ADD FOREIGN KEY ("PLAYER_ID")
	  REFERENCES "WSBPROJEKT"."PLAYERS" ("ID") ENABLE;
  ALTER TABLE "WSBPROJEKT"."GOALS" ADD FOREIGN KEY ("MATCH_ID")
	  REFERENCES "WSBPROJEKT"."MATCHES" ("ID") ENABLE;
--------------------------------------------------------
--  Ref Constraints for Table MATCHES
--------------------------------------------------------

  ALTER TABLE "WSBPROJEKT"."MATCHES" ADD FOREIGN KEY ("HOST_ID")
	  REFERENCES "WSBPROJEKT"."TEAMS" ("ID") ENABLE;
  ALTER TABLE "WSBPROJEKT"."MATCHES" ADD FOREIGN KEY ("GUEST_ID")
	  REFERENCES "WSBPROJEKT"."TEAMS" ("ID") ENABLE;
  ALTER TABLE "WSBPROJEKT"."MATCHES" ADD FOREIGN KEY ("JUDGE_ID")
	  REFERENCES "WSBPROJEKT"."JUDGES" ("ID") ENABLE;
--------------------------------------------------------
--  Ref Constraints for Table PLAYERS
--------------------------------------------------------

  ALTER TABLE "WSBPROJEKT"."PLAYERS" ADD FOREIGN KEY ("TEAM_ID")
	  REFERENCES "WSBPROJEKT"."TEAMS" ("ID") ENABLE;
